aatrox|Filo conectado → H3 para corregir o salir.|Ponta acertada → H3 para corrigir ou sair.
ahri|Encanto acertado → avance; fallo → salida reservada.|Encanto acertado → avanço; erro → saída reservada.
akali|Pasiva entre habilidades → energía para salir.|Passiva entre habilidades → energia para sair.
akshan|Arco libre → giro; colisión prevista → otro ángulo.|Arco livre → giro; colisão prevista → outro ângulo.
alistar|H1 disponible antes de H2; carry amenazado → expulsión.|H1 disponível antes de H2; carregador ameaçado → expulsão.
ambessa|Habilidad → desplazamiento → ataque que recupera energía.|Habilidade → deslocamento → ataque que recupera energia.
amumu|Primera H1 entra; segunda H1 sigue la retirada.|Primeira H1 entra; segunda H1 segue a retirada.
annie|Pasiva preparada → control sobre el campeón.|Passiva preparada → controle no campeão.
ashe|Flecha con seguimiento; H3 antes de avanzar.|Flecha com acompanhamento; H3 antes de avançar.
aurelion_sol|H3 recoge polvo; H1 canaliza sin interrupción disponible.|H3 recolhe poeira; H1 canaliza sem interrupção disponível.
aurora|H4 empieza con el borde de salida elegido.|H4 começa com a borda de saída escolhida.
bard|Tirador seguro → campanas; aliado expuesto → regreso.|Atirador seguro → sinos; aliado exposto → retorno.
blitzcrank|Gancho despejado y blanco útil para tu equipo.|Gancho livre e alvo útil para sua equipe.
brand|Quemadura antes de H1; rebotes antes de H4.|Labareda antes de H1; ricochetes antes de H4.
braum|H2 coloca la protección; H3 mira al proyectil.|H2 posiciona a proteção; H3 enfrenta o projétil.
caitlyn|Trampa sobre control; red para la respuesta rival.|Armadilha sobre controle; rede para a resposta inimiga.
camille|Segunda H1 cargada; H3 no se entrega sin información.|Segunda H1 carregada; H3 não se entrega sem informação.
cho_gath|Vida visible → Festín y Castigo coordinados.|Vida visível → Banquete e Golpear coordenados.
corki|Paquete recogido antes de la disputa, entrada con apoyo.|Pacote recolhido antes da disputa, entrada com apoio.
darius|Filo de H1 → marcas → ejecución con H4.|Borda de H1 → marcas → execução com H4.
diana|Luz Lunar antes de H3; seguimiento antes de repetir entrada.|Luar antes de H3; acompanhamento antes de repetir a entrada.
dr_mundo|Bote alcanzable sin daño concentrado → recuperación.|Recipiente alcançável sem dano concentrado → recuperação.
draven|La hacha sigue tu posición, no decide tu exposición.|O machado segue sua posição, não decide sua exposição.
ekko|H2 preparada en niebla; sombra localizada antes de H4.|H2 preparada na névoa; sombra localizada antes de H4.
evelynn|Encanto preparado → entrada; H4 conserva la salida.|Encanto preparado → entrada; H4 preserva a saída.
ezreal|Pasiva cargada y H3 disponible antes del duelo.|Passiva carregada e H3 disponível antes do duelo.
fiddlesticks|Sin visión rival → miedo; visión rival → cambia el ángulo.|Sem visão inimiga → medo; visão inimiga → mude o ângulo.
fiora|Vital alcanzable; H2 responde al control observado.|Ponto vital alcançável; H2 responde ao controle observado.
fizz|Tiburón conectado; H3 evita la respuesta.|Tubarão acertado; H3 evita a resposta.
galio|Aliado comprometido y seguido antes de Entrada Heroica.|Aliado comprometido e acompanhado antes da Entrada Heroica.
garen|Silencio abre; regeneración decide cuándo repetir.|Silêncio abre; regeneração decide quando repetir.
gnar|Furia preparada y pared elegida antes de Mega.|Fúria preparada e parede escolhida antes de Mega.
gragas|Destino del rival elegido antes de lanzar H4.|Destino inimigo escolhido antes de lançar H4.
graves|Munición disponible y H2 para cortar la respuesta.|Munição disponível e H2 para cortar a resposta.
gwen|Cargas de H1 y borde de H2 antes de pelear.|Acúmulos de H1 e borda de H2 antes de lutar.
hecarim|H3 preparada; empuje hacia el seguimiento aliado.|H3 preparada; empurrão para o acompanhamento aliado.
heimerdinger|El rival entra al nido; tú no abandonas las torretas.|O inimigo entra no ninho; você não abandona as torres.
hwei|Pincelada elegida por trayectoria; maná antes de la secuencia.|Pintura escolhida pela trajetória; mana antes da sequência.
irelia|Súbdito ejecutable → reinicio; pasiva preparada → duelo.|Tropa executável → restauração; passiva preparada → duelo.
janna|Vendaval para el salto; H4 conserva la formación aliada.|Vendaval para o salto; H4 preserva a formação aliada.
jarvan_iv|Salto rival gastado antes del muro de Cataclismo.|Salto inimigo gasto antes da parede de Cataclismo.
jax|Contraataque cubre el daño; blanco de salto conserva la salida.|Contra-Ataque cobre o dano; alvo do salto preserva a saída.
jayce|Disparo acelerado antes del martillo; empuje termina el intercambio.|Disparo acelerado antes do martelo; empurrão encerra a troca.
jhin|Cuarto disparo preparado → intercambio; recarga → retirada.|Quarto disparo preparado → troca; recarga → retirada.
jinx|Protección hasta el derribo; reinicio primero reposiciona.|Proteção até a eliminação; restauração primeiro reposiciona.
k_sante|Destino del arrastre elegido antes de Todo Fuera.|Destino do arrasto escolhido antes de Tudo ou Nada.
kai_sa|Objetivo aislado para H1; aterrizaje seguro para H4.|Alvo isolado para H1; chegada segura para H4.
kalista|Blancos para saltar y ejecución de H3 verificable.|Alvos para saltar e execução de H3 verificável.
karma|La mejora responde a la próxima jugada del grupo.|A melhoria responde à próxima jogada do grupo.
kassadin|Maná para entrar y para el siguiente salto de salida.|Mana para entrar e para o próximo salto de saída.
katarina|Control rival gastado antes de daga y canalización.|Controle inimigo gasto antes da adaga e canalização.
kayle|Evolución visible decide el duelo; H4 niega daño decisivo.|Evolução visível decide o duelo; H4 nega dano decisivo.
kayn|Forma define el blanco; H3 define la retirada.|Forma define o alvo; H3 define a retirada.
kennen|Flanco antes de H4; protección para permanecer en alcance.|Flanco antes de H4; proteção para permanecer ao alcance.
kha_zix|Aislamiento antes de H1; salto reservado si falta ejecución.|Isolamento antes de H1; salto reservado se faltar execução.
kindred|Marca con prioridad; H4 con salida preparada.|Marca com prioridade; H4 com saída preparada.
kog_maw|H2 activa → ataques; H2 termina → cobertura.|H2 ativa → ataques; H2 termina → cobertura.
lee_sin|Destino de la patada antes de entrar; H2 para salir.|Destino do chute antes de entrar; H2 para sair.
leona|Seguimiento al alcance; controles se encadenan, no se desperdician juntos.|Acompanhamento ao alcance; controles se encadeiam, não se desperdiçam juntos.
lillia|Velocidad preparada y seguimiento al despertar.|Velocidade preparada e acompanhamento ao despertar.
lissandra|Garra llega con apoyo; H4 se decide por la amenaza.|Garra chega com apoio; H4 se decide pela ameaça.
lucian|Habilidad → ataque doble → siguiente habilidad.|Habilidade → ataque duplo → próxima habilidade.
lulu|Asesino con acceso → Polimorfia defensiva.|Assassino com acesso → Polimorfia defensiva.
lux|H1 conecta antes de H4; fallo de H1 conserva distancia.|H1 acerta antes de H4; erro de H1 preserva distância.
malphite|Seguimiento real antes de H4, aunque haya varios blancos.|Acompanhamento real antes de H4, mesmo com vários alvos.
maokai|Arbolitos comprueban el flanco antes del avance con H4.|Mudas conferem o flanco antes do avanço com H4.
master_yi|H1 esquiva la respuesta; primer reinicio bajo cobertura.|H1 esquiva a resposta; primeira restauração sob cobertura.
mel|Reflejo para el proyectil decisivo, no para abrir presión.|Reflexão para o projétil decisivo, não para abrir pressão.
milio|H2 con ataques posibles; H4 para el control decisivo.|H2 com ataques possíveis; H4 para o controle decisivo.
miss_fortune|Interrupción gastada y ángulo protegido antes de H4.|Interrupção gasta e ângulo protegido antes de H4.
mordekaiser|Reino de las Sombras sobre quien decide la disputa.|Reino da Morte em quem decide a disputa.
morgana|Escudo Negro antes de que llegue el control.|Escudo Negro antes de o controle chegar.
nami|H3 prepara la ralentización que asegura la burbuja.|H3 prepara a lentidão que garante a bolha.
nasus|Carga segura conserva la siguiente oleada de H1.|Acúmulo seguro preserva a próxima onda de H1.
nautilus|Movilidad rival gastada antes de seguir con H1.|Mobilidade inimiga gasta antes de seguir com H1.
nidalee|Cacería aplicada antes del salto en puma.|Caçada aplicada antes do salto em puma.
nilah|H2 cubre los ataques; blanco de salida conservado.|H2 cobre ataques; alvo de saída preservado.
nocturne|Aterrizaje cubierto y H2 para la primera respuesta.|Chegada protegida e H2 para a primeira resposta.
norra|Salida del portal confirmada antes del proyectil siguiente.|Saída do portal confirmada antes do próximo projétil.
nunu_willump|Ruta de bola despejada; vida visible para H1 y Castigo.|Rota da bola livre; vida visível para H1 e Golpear.
olaf|Hacha recuperable y H4 para el control que frena la pelea.|Machado recuperável e H4 para o controle que interrompe a luta.
orianna|Posición de la esfera antes de cada Onda de Choque.|Posição da esfera antes de cada Onda de Choque.
ornn|Corredor para devolver H4 antes de iniciar su llamada.|Corredor para devolver H4 antes de iniciar seu chamado.
pantheon|Pasiva preparada antes de H2; H3 mira a la respuesta.|Passiva preparada antes de H2; H3 enfrenta a resposta.
poppy|H2 espera el desplazamiento; H3 necesita pared real.|H2 espera o deslocamento; H3 precisa de parede real.
pyke|Indicador de ejecución antes de H4; H3 conserva salida.|Indicador de execução antes de H4; H3 preserva a saída.
rakan|Un aliado de regreso y una carga de H3 antes de entrar.|Um aliado de retorno e uma carga de H3 antes de entrar.
rammus|Defensa activada antes de provocar al atacante.|Defesa ativada antes de provocar o atacante.
rell|Escudo roto y seguimiento antes de concentrar el control.|Escudo rompido e acompanhamento antes de concentrar o controle.
renekton|Furia para H2; segundo desplazamiento para salir.|Fúria para H2; segundo deslocamento para sair.
rengar|Ferocidad y habilidad potenciada decididas antes del salto.|Ferocidade e habilidade reforçada decididas antes do salto.
riven|Ataques entre H1 y un desplazamiento para retirarte.|Ataques entre H1 e um deslocamento para recuar.
rumble|Calor revisado; Equilibrador sobre la ruta de retirada.|Calor conferido; Equalizador na rota de retirada.
ryze|H3 prepara el control; destino del portal coordinado.|H3 prepara o controle; destino do portal combinado.
samira|Estilo preparado e interrupción gastada antes de H4.|Estilo preparado e interrupção gasta antes de H4.
senna|Alma segura sin cruzar la protección aliada.|Alma segura sem atravessar a proteção aliada.
seraphine|Eco preparado y aliados alineados antes de Bis.|Eco preparado e aliados alinhados antes de Bis.
sett|Agallas acumuladas y centro de H2 asegurado por H3.|Determinação acumulada e centro de H2 garantido por H3.
shen|Oleada y destino revisados antes de salvar con H4.|Onda e destino conferidos antes de salvar com H4.
shyvana|Furia antes del objetivo; aterrizaje con seguimiento.|Fúria antes do objetivo; chegada com acompanhamento.
singed|Ruta de escape antes de cruzar la torre para proxy.|Rota de fuga antes de cruzar a torre para pressão atrás.
sion|H1 desde niebla y corredor elegido para H4.|H1 da névoa e corredor escolhido para H4.
sivir|Escudo para el control; H4 mueve al grupo.|Escudo para o controle; H4 move o grupo.
skarner|Salida del muro y dirección de arrastre antes de entrar.|Saída da parede e direção do arrasto antes de entrar.
smolder|Efecto desbloqueado de H1 decide; H3 conserva alcance.|Efeito desbloqueado de H1 decide; H3 preserva alcance.
sona|Acorde elegido por amenaza antes del ataque potenciado.|Acorde escolhido pela ameaça antes do ataque reforçado.
soraka|H1 recupera antes de sostener curaciones con H2.|H1 recupera antes de sustentar curas com H2.
swain|Drenaje con alcance; sin blancos cerca, termina la persecución.|Drenagem com alcance; sem alvos perto, encerre a perseguição.
syndra|Esfera preparada → H3 conservada para el rival.|Esfera preparada → H3 preservada para o inimigo.
taliyah|Tierra preparada antes de desplazar al rival.|Terreno preparado antes de deslocar o inimigo.
talon|Muros de salida antes de entrar; ataque completa el sangrado.|Paredes de saída antes de entrar; ataque completa o sangramento.
teemo|Ceguera para el campeón; hongos cubren entradas y salidas.|Cegueira para o campeão; cogumelos cobrem entradas e saídas.
thresh|Seguimiento antes de reactivar el gancho; linterna accesible.|Acompanhamento antes de reativar o gancho; lanterna acessível.
tristana|Bomba completable antes del salto; reinicio permite salida.|Bomba completável antes do salto; restauração permite saída.
tryndamere|Furia prepara el duelo; muro prepara la retirada.|Fúria prepara o duelo; parede prepara a retirada.
twisted_fate|Carta elegida antes de aterrizar con Destino.|Carta escolhida antes de aterrissar com Destino.
twitch|Ángulo protegido antes de revelar sigilo y activar H4.|Ângulo protegido antes de revelar invisibilidade e ativar H4.
urgot|Piernas disponibles deciden el giro; indicador decide H4.|Pernas disponíveis decidem o giro; indicador decide H4.
varus|Marcas de Infección antes de la detonación.|Marcas de Infecção antes da detonação.
vayne|Pared y salida deciden la dirección de Voltereta.|Parede e saída decidem a direção de Rolamento.
veigar|Borde de jaula asegura daño; vida restante decide H4.|Borda da jaula garante dano; vida restante decide H4.
vel_koz|Pasiva preparada y ángulo protegido antes del rayo.|Passiva preparada e ângulo protegido antes do raio.
vex|Miedo guardado para movilidad; aterrizaje seguro antes de H4.|Medo guardado para mobilidade; chegada segura antes de H4.
vi|Seguimiento al terminar H4; H1 conserva persecución o salida.|Acompanhamento ao término de H4; H1 preserva perseguição ou saída.
viego|La posesión sirve a curación, herramientas y posición.|A possessão serve à cura, ferramentas e posição.
viktor|Zona defensiva disponible antes de comprometer el rayo.|Zona defensiva disponível antes de comprometer o raio.
vladimir|Transfusión preparada; Charco responde al daño decisivo.|Transfusão preparada; Poça responde ao dano decisivo.
volibear|Oleada y aliados llegan antes de inhabilitar la torre.|Onda e aliados chegam antes de desativar a torre.
warwick|Rastro con ruta segura; supresión con aterrizaje cubierto.|Rastro com rota segura; supressão com chegada protegida.
wukong|Clon acompaña el control; salida antes del segundo Ciclón.|Clone acompanha o controle; saída antes do segundo Ciclone.
xayah|Plumas alineadas antes de recuperarlas; H4 conserva vida.|Penas alinhadas antes de recolher; H4 preserva vida.
xin_zhao|Objetivo desafiado dentro; daño de retaguardia fuera.|Alvo desafiado dentro; dano da retaguarda fora.
yasuo|Súbditos de salida y muro reservado antes de entrar.|Tropas de saída e parede reservada antes de entrar.
yone|Cuerpo inicial protegido antes de Alma Desatada.|Corpo inicial protegido antes de Desatar da Alma.
yunara|Ráfaga con ataques posibles; sin cobertura, termina la persecución.|Rajada com ataques possíveis; sem cobertura, encerre a perseguição.
yuumi|Anfitrión con posición sostenible y siguiente aliado alcanzable.|Hospedeiro com posição sustentável e próximo aliado alcançável.
zed|Sombra lateral para daño y punto seguro de regreso.|Sombra lateral para dano e ponto seguro de retorno.
zeri|Muro de salida antes de sostener Choque Eléctrico.|Parede de saída antes de sustentar Choque Elétrico.
ziggs|H2 disponible para entrada rival o torre ejecutable.|H2 disponível para entrada inimiga ou torre executável.
zilean|Doble bomba preparada; resurrección cubre daño letal.|Bomba dupla preparada; ressurreição cobre dano letal.
zoe|Punto de regreso seguro; burbuja antes de la estrella larga.|Ponto de retorno seguro; bolha antes da estrela longa.
zyra|Semillas preparadas antes de control y Tuercespinas.|Sementes preparadas antes de controle e Espinhos Mortais.
