aatrox|Si gastas H3 para acercarte, pierdes la corrección del filo de H1 y tu salida.|Se gastar H3 para aproximar, perde a correção da ponta de H1 e sua saída.|Filo de H1 conectado antes de prolongar; H3 reservada para ajustar o salir.|Acerte a ponta de H1 antes de prolongar; reserve H3 para ajustar ou sair.
ahri|Gastar H3 en la oleada deja tu siguiente avance sin control contra una entrada rival.|Gastar H3 na onda deixa seu próximo avanço sem controle contra uma entrada inimiga.|Encanto conectado permite avanzar; Encanto fallado exige conservar una carga de H4 para salir.|Encanto acertado permite avançar; Encanto errado exige preservar uma carga de H4 para sair.
akali|Entrar sin energía o sin H2 impide repetir la pasiva y te deja expuesta tras la primera habilidad.|Entrar sem energia ou H2 impede repetir a passiva e deixa você exposta depois da primeira habilidade.|Sal del círculo de la pasiva entre habilidades; no gastes ambos recursos de escape para iniciar.|Saia do círculo da passiva entre habilidades; não gaste os dois recursos de fuga para iniciar.
akshan|Una trayectoria de H3 que choca con un enemigo corta tu daño y puede dejarte sin retirada.|Uma trajetória de H3 que colide com um inimigo corta seu dano e pode deixar você sem retirada.|Antes de engancharte, verifica el arco de la cuerda y el punto donde terminará tu giro.|Antes de usar o gancho, confira o arco da corda e o ponto onde seu giro terminará.
alistar|Usar H2 sin tener H1 disponible separa al objetivo de tu equipo en vez de iniciar.|Usar H2 sem H1 disponível afasta o alvo da equipe em vez de iniciar.|Derriba antes de consumir H4; si tu tirador está amenazado, H2 sirve para expulsar al atacante.|Derrube antes de consumir H4; se seu atirador estiver ameaçado, H2 serve para expulsar o atacante.
ambessa|Encadenar habilidades sin alternar ataques consume energía y te corta la persecución.|Encadear habilidades sem alternar ataques consome energia e interrompe a perseguição.|Ataque entre desplazamientos; conserva energía y una dirección de salida antes de comprometer H4.|Ataque entre deslocamentos; preserve energia e uma direção de saída antes de comprometer H4.
amumu|Gastar las dos cargas de H1 sobre el mismo acercamiento elimina tu respuesta al salto rival.|Gastar as duas cargas de H1 na mesma aproximação elimina sua resposta ao salto inimigo.|Primera carga para entrar; segunda carga para seguir la salida después del control inicial.|Primeira carga para entrar; segunda carga para seguir a fuga depois do controle inicial.
annie|Una pasiva sin preparar convierte tu entrada en daño evitable y deja a Tibbers sin aturdimiento.|Uma passiva sem preparar transforma sua entrada em dano evitável e deixa Tibbers sem atordoamento.|Cuenta las cargas antes de entrar; reserva el aturdimiento para el campeón, no para limpiar la oleada.|Conte as cargas antes de entrar; reserve o atordoamento para o campeão, não para limpar a onda.
ashe|Disparar H4 sin una ruta aliada de seguimiento consume tu principal herramienta de captura.|Disparar H4 sem uma rota aliada de acompanhamento consome sua principal ferramenta de captura.|Flecha con seguimiento confirmado; H3 para localizar al jungla antes de avanzar la oleada.|Flecha com acompanhamento confirmado; H3 para localizar o caçador antes de avançar a onda.
aurelion_sol|Canalizar H1 delante de un control disponible interrumpe tu daño y te obliga a retroceder.|Canalizar H1 diante de um controle disponível interrompe seu dano e obriga você a recuar.|Recoge polvo estelar con H3 sin perder la salida de H2; canaliza cuando el control rival ya se gastó.|Recolha poeira estelar com H3 sem perder a saída de H2; canalize depois do controle inimigo.
aurora|Entrar en H4 sin planear el borde de salida te obliga a pelear en el ángulo del rival.|Entrar em H4 sem planejar a borda de saída obriga você a lutar no ângulo inimigo.|Elige el borde de salida antes de H4; alterna daño y reposicionamiento en vez de permanecer en el centro.|Escolha a borda de saída antes de H4; alterne dano e reposicionamento em vez de permanecer no centro.
bard|Buscar campanas mientras la oleada rebota hacia el rival deja a tu tirador expuesto al dos contra uno.|Buscar sinos enquanto a onda retorna ao inimigo deixa seu atirador exposto ao dois contra um.|Campanas durante una ventana segura del tirador; H4 solo con una jugada preparada para cuando termine.|Sinos durante uma janela segura do atirador; H4 apenas com uma jogada preparada para seu término.
blitzcrank|Fallar H1 cede la presión del carril durante su enfriamiento; lanzar a través de súbditos desperdicia esa amenaza.|Errar H1 cede a pressão da rota durante a recarga; lançar através de tropas desperdiça essa ameaça.|Amenaza con acercarte hasta despejar la línea del gancho; no atraigas al iniciador rival hacia tu tirador.|Ameace aproximar até limpar a linha do gancho; não puxe o iniciador inimigo para seu atirador.
brand|Una rotación sobre objetivos separados pierde las detonaciones y rebotes que justifican tu daño en área.|Uma rotação sobre alvos separados perde as explosões e os ricochetes que justificam seu dano em área.|Aplica Quemadura antes de H1 para aturdir; busca rebotes reales antes de gastar H4.|Aplique Labareda antes de H1 para atordoar; procure ricochetes reais antes de gastar H4.
braum|Gastar H3 para bloquear hostigamiento menor deja a tu tirador sin cobertura contra el proyectil decisivo.|Gastar H3 para bloquear pressão leve deixa seu atirador sem cobertura contra o projétil decisivo.|H2 te coloca entre amenaza y aliado; H3 debe mirar al proyectil y tus ataques completar la pasiva.|H2 coloca você entre ameaça e aliado; H3 deve enfrentar o projétil e seus ataques completar a passiva.
caitlyn|Avanzar por tu alcance sin cubrir los flancos deja la red como única salida contra una iniciación.|Avançar pelo alcance sem proteger os flancos deixa a rede como única saída contra uma iniciação.|Trampa bajo un objetivo controlado; red conservada hasta que el rival comprometa su acercamiento.|Armadilha sob um alvo controlado; rede guardada até o inimigo comprometer sua aproximação.
camille|Usar la segunda H1 antes de cargarla sacrifica el golpe que gana tu intercambio corto.|Usar a segunda H1 antes de carregar sacrifica o golpe que vence sua troca curta.|Primera H1 para preparar, segunda al estar cargada; reserva H3 si todavía no conoces la posición del jungla.|Primeira H1 para preparar, segunda quando carregada; reserve H3 se ainda não conhece a posição do caçador.
cho_gath|Gastar Festín por hostigamiento te deja sin ejecución para el objetivo neutral que viene después.|Gastar Banquete para pressionar deixa você sem execução para o próximo objetivo neutro.|Compara el daño indicado de H4 con la vida del objetivo y coordínalo con Castigo; no adivines el umbral.|Compare o dano indicado de H4 com a vida do objetivo e combine com Golpear; não adivinhe o limite.
corki|Llegar tarde a recoger el Paquete pierde la ventana de entrada que tu equipo necesita para el objetivo.|Chegar tarde para buscar o Pacote perde a janela de entrada que sua equipe precisa para o objetivo.|Prepara el regreso por el Paquete antes de la disputa; la entrega debe dividir rivales, no aislarte de tus aliados.|Prepare o retorno pelo Pacote antes da disputa; a entrega deve dividir inimigos, não separar você dos aliados.
darius|Empezar un duelo fuera del alcance del filo de H1 te quita curación y retrasa las cinco marcas.|Começar um duelo fora do alcance da borda de H1 tira sua cura e atrasa as cinco marcas.|Filo de H1 y ataques para completar Hemorragia; H4 se decide por marcas y ejecución, no por abrir el duelo.|Borda de H1 e ataques para completar Hemorragia; H4 depende de marcas e execução, não da abertura do duelo.
diana|Entrar con H3 sin aplicar Luz Lunar pierde el reinicio y te deja comprometida en el centro rival.|Entrar com H3 sem aplicar Luar perde a restauração e deixa você comprometida no centro inimigo.|H1 conecta antes de H3; decide la segunda entrada por los objetivos agrupados y la cobertura de tu equipo.|H1 acerta antes de H3; decida a segunda entrada pelos alvos agrupados e pela cobertura da equipe.
dr_mundo|Caminar sobre el bote sin valorar quién puede pisarlo transforma tu recuperación en una entrada previsible.|Caminhar sobre o recipiente sem avaliar quem pode pisá-lo transforma sua recuperação em uma entrada previsível.|Recoge el bote cuando no te exponga al daño concentrado; conserva H4 para la pelea que puedas sostener.|Pegue o recipiente quando não expuser você ao dano concentrado; preserve H4 para a luta que consegue sustentar.
draven|Seguir una hacha que cae hacia la zona rival te separa del soporte y convierte Adoración en riesgo de muerte.|Seguir um machado que cai na zona inimiga separa você do suporte e transforma Adoração em risco de morte.|Dirige la caída con tu movimiento tras atacar; abandona el hacha si recogerla exige cruzar la línea de protección.|Direcione a queda com seu movimento após atacar; abandone o machado se pegar exige cruzar a linha de proteção.
ekko|H2 colocada después de mostrarte permite al rival salir de su zona antes de la activación.|H2 colocada depois de mostrar você permite ao inimigo sair da zona antes da ativação.|Prepara H2 desde niebla y entra cuando cierre el paso; revisa la posición de la sombra antes de gastar H4.|Prepare H2 da névoa e entre quando bloquear a passagem; confira a posição da sombra antes de gastar H4.
evelynn|Golpear antes de que H2 complete su preparación pierde el Encanto y anuncia tu entrada sin control.|Atacar antes de H2 completar a preparação perde o Encanto e anuncia sua entrada sem controle.|Entra por el lado que corta la retirada; espera la preparación de H2 y guarda H4 para ejecutar o escapar.|Entre pelo lado que corta a retirada; espere a preparação de H2 e guarde H4 para executar ou fugir.
ezreal|Entrar con H3 para acertar H1 elimina la única salida inmediata contra el control del rival.|Entrar com H3 para acertar H1 elimina a única saída imediata contra o controle inimigo.|Carga la pasiva sin comprometer H3; intercala ataques cuando haya una línea limpia para H1.|Carregue a passiva sem comprometer H3; intercale ataques quando houver uma linha limpa para H1.
fiddlesticks|Canalizar H4 desde una zona vista elimina el miedo que hace segura tu entrada.|Canalizar H4 de uma zona vista elimina o medo que torna sua entrada segura.|Confirma la ausencia de visión antes de canalizar; prepara la ruta de salida antes de aparecer en el centro.|Confirme a ausência de visão antes de canalizar; prepare a rota de saída antes de aparecer no centro.
fiora|Usar H2 por daño deja el siguiente control rival sin respuesta y puede decidir todo el duelo.|Usar H2 pelo dano deixa o próximo controle inimigo sem resposta e pode decidir todo o duelo.|Reserva H2 para la animación de control; acércate al vital que puedas golpear sin perder tu retirada.|Reserve H2 para a animação de controle; aproxime do ponto vital que consegue atingir sem perder a retirada.
fizz|Consumir H3 para acercarte te obliga a absorber la respuesta que normalmente esquivarías.|Consumir H3 para aproximar obriga você a receber a resposta que normalmente esquivaria.|H4 abre cuando tenga línea de impacto; conserva H3 para el control o daño que llegue después de tu entrada.|H4 abre quando houver linha de impacto; preserve H3 para o controle ou dano depois da entrada.
galio|Llegar con H4 sobre un aliado que ya se retira te coloca fuera de la pelea y pierde el seguimiento.|Chegar com H4 sobre um aliado que já recua coloca você fora da luta e perde o acompanhamento.|Aliado comprometido y seguimiento confirmado antes de H4; reserva el control para cubrir su salida.|Aliado comprometido e acompanhamento confirmado antes de H4; reserve o controle para proteger a saída.
garen|Perseguir con H1 sin una ventana de silencio permite al rival frenar tu giro y alejarse.|Perseguir com H1 sem uma janela de silêncio permite ao inimigo interromper seu giro e fugir.|Silencia antes del intercambio; retírate para reactivar la regeneración si no existe ejecución con H4.|Silencie antes da troca; recue para reativar a regeneração se não houver execução com H4.
gnar|Iniciar la disputa sin furia preparada te deja en forma Mini cuando tu equipo espera una entrada de Mega.|Iniciar a disputa sem fúria preparada deixa você na forma Mini quando a equipe espera uma entrada de Mega.|La barra de furia decide tu llegada; busca una pared real antes de comprometer H4 en Mega.|A barra de fúria decide sua chegada; procure uma parede real antes de comprometer H4 em Mega.
gragas|Una H4 que empuja al objetivo fuera del alcance aliado desarma tu propia iniciación.|Uma H4 que empurra o alvo para fora do alcance aliado desmonta sua própria iniciação.|Marca el lugar donde debe caer el rival antes de lanzar H4; usa H3 para asegurar ese ángulo.|Marque onde o inimigo deve cair antes de lançar H4; use H3 para garantir esse ângulo.
graves|Un intercambio largo contra daño mágico no se gana solo por acumular la armadura de H3.|Uma troca longa contra dano mágico não se vence apenas acumulando a armadura de H3.|Controla munición y recarga antes de invadir; H2 corta la respuesta mientras reposicionas para el siguiente disparo.|Controle munição e recarga antes de invadir; H2 corta a resposta enquanto reposiciona para o próximo disparo.
gwen|Colocar H2 lejos del objetivo permite que el rival te obligue a salir de tu propia zona protectora.|Colocar H2 longe do alvo permite ao inimigo obrigar você a sair da própria zona protetora.|Pelea desde el borde de H2 frente a enemigos externos; prepara cargas de H1 antes del intercambio central.|Lute da borda de H2 contra inimigos externos; prepare cargas de H1 antes da troca central.
hecarim|Una entrada frontal sin velocidad preparada deja a tu equipo sin el ángulo para seguir el desplazamiento.|Uma entrada frontal sem velocidade preparada deixa a equipe sem ângulo para acompanhar o deslocamento.|Prepara H3 antes de mostrarte y empuja hacia tu equipo; no persigas si pierdes el seguimiento aliado.|Prepare H3 antes de aparecer e empurre para sua equipe; não persiga se perder o acompanhamento aliado.
heimerdinger|Abandonar las torretas para perseguir cambia un combate en tu terreno por uno sin tu principal daño.|Abandonar as torres para perseguir troca um combate no seu terreno por outro sem seu principal dano.|Haz que el rival entre al triángulo de torretas; H3 asegura su permanencia antes de usar la mejora de H4.|Faça o inimigo entrar no triângulo de torres; H3 garante sua permanência antes de usar a melhoria de H4.
hwei|Repetir la misma elección de pinceladas no responde igual a una entrada rival y a una oleada que necesitas empujar.|Repetir a mesma escolha de pinturas não responde igual à entrada inimiga e à onda que precisa avançar.|Elige el control de H3 por la trayectoria rival; prepara maná con H2 antes de la secuencia de daño de H1.|Escolha o controle de H3 pela trajetória inimiga; prepare mana com H2 antes da sequência de dano de H1.
irelia|Saltar a un súbdito que no puedes ejecutar deja H1 en enfriamiento y corta tu acceso al campeón.|Saltar em uma tropa que não consegue executar deixa H1 em recarga e corta seu acesso ao campeão.|Verifica la vida del súbdito antes de H1; entra al campeón con pasiva preparada y un reinicio posible.|Confira a vida da tropa antes de H1; entre no campeão com passiva preparada e uma restauração possível.
janna|Gastar H1 para hostigar deja la siguiente entrada enemiga sin interrupción inmediata.|Gastar H1 para pressionar deixa a próxima entrada inimiga sem interrupção imediata.|Guarda H1 para la trayectoria del salto; H4 debe expulsar al atacante sin sacar a los rivales del control aliado.|Guarde H1 para a trajetória do salto; H4 deve expulsar o atacante sem tirar inimigos do controle aliado.
jarvan_iv|Cerrar H4 sobre rivales con salto disponible puede encerrar a tus aliados sin atrapar al objetivo.|Fechar H4 sobre inimigos com salto disponível pode prender seus aliados sem capturar o alvo.|Confirma la movilidad gastada antes de H4; desarma el muro si impide el seguimiento o la retirada aliada.|Confirme a mobilidade gasta antes de H4; desfaça a parede se impedir o acompanhamento ou a retirada aliada.
jax|Usar el salto para iniciar sin H3 disponible abre una ventana de ataques que no puedes negar.|Usar o salto para iniciar sem H3 disponível abre uma janela de ataques que não consegue negar.|H3 debe cubrir los ataques decisivos; conserva un objetivo aliado o súbdito al que saltar para salir.|H3 deve cobrir os ataques decisivos; preserve um aliado ou tropa para saltar na saída.
jayce|Entrar en martillo sin haber desgastado al rival te expone a una pelea larga que no aprovecha tu alcance.|Entrar com martelo sem desgastar o inimigo expõe você a uma luta longa que não aproveita seu alcance.|Disparo acelerado antes de acercarte; usa el empuje del martillo para terminar el intercambio, no para perseguirlo.|Disparo acelerado antes de aproximar; use o empurrão do martelo para encerrar a troca, não para perseguir.
jhin|Forzar otro intercambio durante la recarga deja tu control sin un disparo que lo acompañe.|Forçar outra troca durante a recarga deixa seu controle sem um disparo para acompanhar.|Prepara el cuarto disparo antes de avanzar; marca al objetivo antes de H2 y retrocede durante la recarga.|Prepare o quarto disparo antes de avançar; marque o alvo antes de H2 e recue durante a recarga.
jinx|Entrar por delante de la protección aliada buscando el primer reinicio impide sobrevivir hasta conseguirlo.|Entrar à frente da proteção aliada buscando a primeira restauração impede sobreviver até conseguir.|Ataca desde cobertura hasta el primer derribo; usa la velocidad de la pasiva para reposicionar antes de perseguir.|Ataque da cobertura até a primeira eliminação; use a velocidade da passiva para reposicionar antes de perseguir.
k_sante|Usar H4 sin valorar el destino a través del muro puede dejarte aislado de tu propia retaguardia.|Usar H4 sem avaliar o destino através da parede pode deixar você isolado da própria retaguarda.|Elige primero el destino del arrastre; convierte a Todo Fuera solo cuando el duelo compense abandonar tu protección.|Escolha primeiro o destino do arrasto; transforme com Tudo ou Nada apenas quando o duelo compensar abandonar a proteção.
kai_sa|Saltar con H4 sobre una marca disponible no significa que exista un lugar seguro donde aterrizar.|Saltar com H4 em uma marca disponível não significa que haja um lugar seguro para aterrissar.|Aísla al objetivo para concentrar H1; H4 se usa por posición de llegada y cobertura, no solo por disponibilidad.|Isole o alvo para concentrar H1; H4 depende da posição de chegada e da cobertura, não apenas da disponibilidade.
kalista|Caminar hacia una marca sin ruta de salto puede cortar tu kiteo contra el primer control rival.|Caminhar para uma marca sem rota de salto pode cortar seu movimento contra o primeiro controle inimigo.|Conserva blancos para saltar; H3 ejecuta cuando la vida visible permita reinicio o asegurar el objetivo.|Preserve alvos para saltar; H3 executa quando a vida visível permitir restauração ou garantir o objetivo.
karma|Usar la mejora en daño menor puede dejar la entrada aliada sin el escudo y la velocidad que necesitaba.|Usar a melhoria em dano menor pode deixar a entrada aliada sem o escudo e a velocidade necessários.|Decide la habilidad mejorada por la jugada siguiente: daño para presionar, escudo para entrar o retirar al equipo.|Escolha a habilidade melhorada pela próxima jogada: dano para pressionar, escudo para iniciar ou retirar a equipe.
kassadin|Apilar H4 para llegar sin reservar maná deja tu siguiente salto o retirada sin recurso.|Acumular H4 para chegar sem reservar mana deixa seu próximo salto ou retirada sem recurso.|Calcula el coste visible del siguiente H4 antes de entrar; conserva maná para una salida además del daño.|Calcule o custo visível do próximo H4 antes de entrar; preserve mana para uma saída além do dano.
katarina|Entrar por una daga antes de que se gaste el control rival impide completar H4 y conseguir reinicios.|Entrar por uma adaga antes de gastar o controle inimigo impede completar H4 e conseguir restaurações.|Control rival gastado antes de canalizar; elige una daga que dé acceso al objetivo y una salida tras el derribo.|Controle inimigo gasto antes de canalizar; escolha uma adaga que dê acesso ao alvo e uma saída após a eliminação.
kayle|Forzar el duelo antes de tu evolución sacrifica la vida necesaria para recoger la siguiente oleada.|Forçar o duelo antes da evolução sacrifica a vida necessária para recolher a próxima onda.|Juega cada intercambio según la evolución visible; conserva H4 para negar el daño que realmente decide la pelea.|Jogue cada troca pela evolução visível; preserve H4 para negar o dano que realmente decide a luta.
kayn|Elegir objetivos sin considerar tu forma puede pedir un asesinato rápido a una configuración de pelea prolongada.|Escolher alvos sem considerar sua forma pode exigir uma eliminação rápida de uma configuração de luta prolongada.|Forma sombría busca acceso a frágiles; Rhaast sostiene peleas; define la retirada de H3 antes de comprometer H4.|Forma sombria busca acesso a frágeis; Rhaast sustenta lutas; defina a saída de H3 antes de comprometer H4.
kennen|Entrar desde la misma dirección que tu equipo permite al rival alejarse antes de recibir las marcas de H4.|Entrar da mesma direção da equipe permite ao inimigo afastar antes de receber as marcas de H4.|Flanco preparado antes de H4; protege la permanencia en su zona con tu mejora defensiva, sin perseguir fuera de alcance.|Flanco preparado antes de H4; proteja a permanência na zona com sua melhoria defensiva, sem perseguir fora do alcance.
kha_zix|Saltar a un objetivo junto a sus aliados elimina el aislamiento que hace rentable tu entrada.|Saltar em um alvo junto dos aliados elimina o isolamento que torna sua entrada vantajosa.|Aislamiento confirmado antes de H1; conserva el salto para salir si el derribo no asegura su reinicio.|Isolamento confirmado antes de H1; preserve o salto para sair se a eliminação não garantir sua restauração.
kindred|Seguir una marca sin prioridad aliada entrega tu ubicación y puede transformar el campamento en una emboscada.|Seguir uma marca sem prioridade aliada entrega sua localização e pode transformar o campo em uma emboscada.|Marca alcanzable con apoyo antes de invadir; prepara la salida de H4 porque también protege a enemigos dentro.|Marca alcançável com apoio antes de invadir; prepare a saída de H4 porque também protege inimigos dentro.
kog_maw|Avanzar cuando H2 termina te obliga a mantener un intercambio sin el alcance ni el daño que lo justificaban.|Avançar quando H2 termina obriga você a manter uma troca sem o alcance nem o dano que a justificavam.|Ataca desde alcance de H2 mientras esté activa; cuando termine, vuelve a la protección en vez de perseguir.|Ataque do alcance de H2 enquanto ativa; quando terminar, volte à proteção em vez de perseguir.
lee_sin|Una patada que aleja al objetivo de tu equipo pierde el seguimiento aunque conectes tu entrada.|Um chute que afasta o alvo da equipe perde o acompanhamento mesmo acertando a entrada.|Define dónde debe terminar el rival antes de H4; conserva un blanco de H2 para salir si no llega el seguimiento.|Defina onde o inimigo deve terminar antes de H4; preserve um alvo de H2 para sair se faltar acompanhamento.
leona|Entrar por H3 fuera del alcance del tirador convierte tu cadena de control en una pelea sin daño aliado.|Entrar por H3 fora do alcance do atirador transforma sua sequência de controle em uma luta sem dano aliado.|Seguimiento a distancia antes de H3; encadena los controles cuando termina el anterior para ampliar la ventana de daño.|Acompanhamento ao alcance antes de H3; encadeie controles ao término do anterior para ampliar a janela de dano.
lillia|Entrar sin velocidad acumulada o acercarte demasiado al objetivo te expone al control antes de activar el sueño.|Entrar sem velocidade acumulada ou perto demais do alvo expõe você ao controle antes de ativar o sono.|Mantén velocidad con impactos seguros; H4 se decide por quién podrá castigar al objetivo cuando despierte.|Mantenha velocidade com acertos seguros; H4 depende de quem poderá punir o alvo quando despertar.
lissandra|Teletransportarte con H3 solo porque la garra llegó te puede dejar sin aliados cerca para seguir H4.|Teletransportar com H3 apenas porque a garra chegou pode deixar você sem aliados próximos para acompanhar H4.|Posición aliada confirmada antes de reactivar H3; decide H4 propia o rival por el daño que necesitas negar.|Posição aliada confirmada antes de reativar H3; escolha H4 própria ou inimiga pelo dano que precisa negar.
lucian|Lanzar habilidades sin completar el ataque doble desperdicia daño y retrasa la próxima H3.|Lançar habilidades sem completar o ataque duplo desperdiça dano e atrasa a próxima H3.|Habilidad, ataque doble, nueva habilidad; conserva H3 hasta identificar la respuesta que necesitas esquivar.|Habilidade, ataque duplo, nova habilidade; preserve H3 até identificar a resposta que precisa esquivar.
lulu|Gastar Polimorfia en una mejora ofensiva deja al asesino sin la respuesta que protege a tu tirador.|Gastar Polimorfia em uma melhoria ofensiva deixa o assassino sem a resposta que protege seu atirador.|H2 ofensiva solo sin amenaza de entrada; si el asesino puede llegar, guarda Polimorfia y H4 para tu carry.|H2 ofensiva apenas sem ameaça de entrada; se o assassino puder chegar, guarde Polimorfia e H4 para seu carregador.
lux|Gastar H1 en la oleada deja tu siguiente paso hacia adelante sin una respuesta contra el salto rival.|Gastar H1 na onda deixa seu próximo passo à frente sem resposta contra o salto inimigo.|H1 conecta antes de comprometer H4; conserva el escudo para el daño de respuesta y no adelantes tu posición por fallar H1.|H1 acerta antes de comprometer H4; preserve o escudo para o dano de resposta e não avance por errar H1.
malphite|Una H4 sobre varios objetivos sin daño aliado a distancia puede iniciar una pelea que tu equipo no puede seguir.|Uma H4 em vários alvos sem dano aliado ao alcance pode iniciar uma luta que a equipe não acompanha.|Alcance del seguimiento antes de H4; si tu carry está amenazado, la definitiva también sirve para cortar la entrada.|Alcance do acompanhamento antes de H4; se seu carregador estiver ameaçado, a ultimate também interrompe a entrada.
maokai|Avanzar tras H4 sin controlar el flanco deja al equipo expuesto aunque bloquees la ruta frontal.|Avançar após H4 sem controlar o flanco deixa a equipe exposta mesmo bloqueando a rota frontal.|Arbolitos para comprobar entradas antes de H4; conserva el control cercano para quien atraviese la primera línea.|Mudas para conferir entradas antes de H4; preserve o controle próximo para quem atravessar a linha de frente.
master_yi|Abrir con H1 contra un control disponible consume la habilidad que te permitiría evitar la respuesta.|Abrir com H1 contra um controle disponível consome a habilidade que permitiria evitar a resposta.|Acércate sin gastar H1 cuando sea posible; resérvala para la animación del control y busca el primer reinicio protegido.|Aproxime sem gastar H1 quando possível; reserve para a animação do controle e busque a primeira restauração protegida.
mel|Gastar la herramienta de reflejo para hostigar deja el siguiente proyectil decisivo sin respuesta.|Gastar a ferramenta de reflexão para pressionar deixa o próximo projétil decisivo sem resposta.|Reflejo reservado para el proyectil observado; usa el control para que el rival permanezca dentro de tu secuencia.|Reflexão reservada para o projétil observado; use o controle para manter o inimigo dentro da sequência.
milio|Usar la limpieza definitiva sobre control menor puede dejar la siguiente iniciación sin respuesta para el tirador.|Usar a limpeza da ultimate em controle leve pode deixar a próxima iniciação sem resposta para o atirador.|H2 cuando el aliado pueda atacar a su alcance mejorado; guarda H4 para el control que impida su retirada o daño.|H2 quando o aliado puder atacar no alcance melhorado; guarde H4 para o controle que impedir sua saída ou dano.
miss_fortune|Canalizar H4 antes de que el rival gaste su interrupción convierte tu mayor daño en una retirada forzada.|Canalizar H4 antes do inimigo gastar a interrupção transforma seu maior dano em uma retirada forçada.|Rebote de H1 con alineación real; H4 desde un ángulo protegido y después del control aliado.|Ricochete de H1 com alinhamento real; H4 de um ângulo protegido e depois do controle aliado.
mordekaiser|Usar H4 sobre un objetivo inalcanzable puede apartarte del monstruo que tu equipo estaba intentando asegurar.|Usar H4 em um alvo inalcançável pode afastar você do monstro que a equipe tentava garantir.|Decide el objetivo de H4 por la disputa siguiente: negar al jungla o aislar a un carry que puedas alcanzar.|Escolha o alvo de H4 pela próxima disputa: negar o caçador ou isolar um carregador que consiga alcançar.
morgana|Colocar H3 después de que llegue el control pierde la protección que debía permitir la entrada o retirada.|Colocar H3 depois do controle chegar perde a proteção que deveria permitir a entrada ou retirada.|Escudo antes del impacto de control; H1 cubre la salida del aliado, no solo busca capturas.|Escudo antes do impacto do controle; H1 protege a saída do aliado, não apenas busca capturas.
nami|Lanzar la burbuja sin ralentización o trayectoria forzada facilita que el rival salga de su zona.|Lançar a bolha sem lentidão ou trajetória forçada facilita ao inimigo sair da zona.|H3 en quien pueda golpear primero; usa esa ralentización o el control aliado para asegurar H1.|H3 em quem puder atacar primeiro; use essa lentidão ou o controle aliado para garantir H1.
nasus|Intentar sumar H1 en cada súbdito bajo amenaza puede perder más cargas en la muerte y la oleada siguiente.|Tentar acumular H1 em cada tropa sob ameaça pode perder mais acúmulos na morte e na próxima onda.|Carga segura antes que súbdito disputado; usa la ralentización para mantener al rival dentro de tu ventana de H4.|Acúmulo seguro antes de tropa disputada; use a lentidão para manter o inimigo na janela de H4.
nautilus|Enganchar un objetivo sin ruta de seguimiento te compromete a una entrada que tu equipo no puede sostener.|Fisgar um alvo sem rota de acompanhamento compromete você com uma entrada que a equipe não sustenta.|H4 fuerza la primera respuesta; H1 sigue cuando termine la movilidad rival o se reserva para salir por terreno.|H4 força a primeira resposta; H1 segue ao término da mobilidade inimiga ou fica para sair pelo terreno.
nidalee|Entrar en puma sin marca pierde el acceso y el daño que justifican tu salto.|Entrar na forma de puma sem marca perde o acesso e o dano que justificam seu salto.|Jabalina o trampa activa Cacería antes de comprometer la forma de puma; conserva el salto si no existe ejecución.|Lança ou armadilha ativa Caçada antes de comprometer a forma de puma; preserve o salto se não houver execução.
nilah|Gastar H2 antes del ataque decisivo deja tu entrada cuerpo a cuerpo expuesta a la ráfaga del tirador.|Gastar H2 antes do ataque decisivo deixa sua entrada corpo a corpo exposta à rajada do atirador.|H2 cubre la respuesta de ataques; conserva un blanco de desplazamiento para volver a la protección del soporte.|H2 cobre a resposta de ataques; preserve um alvo de deslocamento para voltar à proteção do suporte.
nocturne|Activar H4 sobre un rival que tu equipo no puede alcanzar transforma la oscuridad en un duelo aislado.|Ativar H4 em um inimigo que a equipe não alcança transforma a escuridão em um duelo isolado.|Elige el objetivo por cobertura y ruta de retirada; reserva H2 para la habilidad que llegue después de aterrizar.|Escolha o alvo pela cobertura e rota de retirada; reserve H2 para a habilidade depois de aterrissar.
norra|Repetir habilidades por la entrada visible del portal anuncia el ángulo y permite al rival salir antes del impacto.|Repetir habilidades pela entrada visível do portal anuncia o ângulo e permite ao inimigo sair antes do impacto.|Comprueba dónde sale el portal y qué ruta corta; fuerza el movimiento rival antes de comprometer el siguiente proyectil.|Confira onde o portal sai e qual rota corta; force o movimento inimigo antes de comprometer o próximo projétil.
nunu_willump|Una bola de nieve sin una ruta libre pierde velocidad y revela la emboscada antes de llegar.|Uma bola de neve sem rota livre perde velocidade e revela a emboscada antes de chegar.|Ruta de H2 despejada antes de empezar; H1 y Castigo se coordinan con la vida visible del monstruo.|Rota de H2 livre antes de começar; H1 e Golpear se coordenam com a vida visível do monstro.
olaf|Abrir con H4 demasiado pronto permite que el rival te aleje antes del control que querías ignorar.|Abrir com H4 cedo demais permite ao inimigo afastar você antes do controle que queria ignorar.|Hacha recuperable antes de perseguir; H4 se compromete cuando el control rival impida continuar la pelea.|Machado recuperável antes de perseguir; H4 se compromete quando o controle inimigo impedir continuar a luta.
orianna|H4 lanzada sin verificar la posición de la esfera puede gastar tu iniciación fuera del objetivo.|H4 lançada sem conferir a posição da esfera pode gastar sua iniciação fora do alvo.|Localiza la esfera antes de cada H4; acompaña al iniciador con H3 sin perder el alcance de seguimiento.|Localize a esfera antes de cada H4; acompanhe o iniciador com H3 sem perder o alcance de acompanhamento.
ornn|Forzar el segundo lanzamiento de H4 sin espacio de reposicionamiento permite al rival impedir el derribo.|Forçar o segundo lançamento de H4 sem espaço para reposicionar permite ao inimigo impedir a derrubada.|Deja un corredor para devolver H4; forja durante una ventana segura y no dentro del alcance de interrupción rival.|Deixe um corredor para devolver H4; forje durante uma janela segura e fora do alcance de interrupção inimiga.
pantheon|Entrar con H2 sin preparar la pasiva pierde la ráfaga que hace rentable tu intercambio corto.|Entrar com H2 sem preparar a passiva perde a rajada que torna sua troca curta vantajosa.|Pasiva preparada antes de H2; orienta H3 hacia la amenaza y elige H4 por la posición de llegada aliada.|Passiva preparada antes de H2; oriente H3 para a ameaça e escolha H4 pela posição de chegada aliada.
poppy|Gastar H2 para correr elimina el bloqueo que hace peligrosa la siguiente entrada del rival.|Gastar H2 para correr elimina o bloqueio que torna perigosa a próxima entrada inimiga.|H2 reservada para el desplazamiento rival; H3 solo asegura aturdimiento si existe una pared en la trayectoria.|H2 reservada para o deslocamento inimigo; H3 só garante atordoamento se houver uma parede na trajetória.
pyke|Intentar ejecutar fuera del umbral de H4 pierde el reinicio y te deja comprometido tras aterrizar.|Tentar executar fora do limite de H4 perde a restauração e deixa você comprometido depois de aterrissar.|Revisa el indicador de ejecución antes de H4; conserva H3 para salir si el rival niega el derribo.|Confira o indicador de execução antes de H4; preserve H3 para sair se o inimigo negar a eliminação.
rakan|Usar ambas cargas de H3 para avanzar te deja sin regreso después de entrar con H2 y H4.|Usar as duas cargas de H3 para avançar deixa você sem retorno depois de entrar com H2 e H4.|Un aliado dentro del alcance de regreso antes de iniciar; conserva una carga de H3 para cerrar la jugada.|Um aliado ao alcance do retorno antes de iniciar; preserve uma carga de H3 para encerrar a jogada.
rammus|Provocar antes de H2 permite que los ataques forzados lleguen antes de tu defensa.|Provocar antes de H2 permite aos ataques forçados chegar antes da defesa.|H2 activa antes de la provocación; escoge al atacante que pueda recibir daño devuelto y seguimiento aliado.|H2 ativa antes da provocação; escolha o atacante que possa receber dano refletido e acompanhamento aliado.
rell|Entrar sobre el primer objetivo visible sin compañía puede separar tu control del daño de tu equipo.|Entrar no primeiro alvo visível sem companhia pode separar seu controle do dano da equipe.|Seguimiento confirmado antes de comprometer la entrada; H1 rompe el escudo antes de concentrar el daño aliado.|Acompanhamento confirmado antes de comprometer a entrada; H1 rompe o escudo antes de concentrar o dano aliado.
renekton|Gastar la furia en limpiar antes de un duelo elimina el aturdimiento potenciado que abre tu ráfaga.|Gastar a fúria para limpar antes de um duelo elimina o atordoamento reforçado que abre sua rajada.|Furia preparada antes de H2; conserva la segunda parte de H3 para retirarte después del intercambio.|Fúria preparada antes de H2; preserve a segunda parte de H3 para recuar depois da troca.
rengar|Saltar sin decidir la habilidad potenciada puede dejarte sin limpieza cuando llegue el control.|Saltar sem escolher a habilidade reforçada pode deixar você sem limpeza quando o controle chegar.|Ferocidad y habilidad potenciada elegidas antes del salto; daño para ejecutar, respuesta defensiva para sobrevivir al control.|Ferocidade e habilidade reforçada escolhidas antes do salto; dano para executar, resposta defensiva para sobreviver ao controle.
riven|Gastar todas las cargas de H1 para acercarte reduce el daño y elimina tu salida tras la respuesta rival.|Gastar todas as cargas de H1 para aproximar reduz o dano e elimina sua saída após a resposta inimiga.|Ataques entre cargas de H1; conserva un desplazamiento si todavía no se gastó el control enemigo.|Ataques entre cargas de H1; preserve um deslocamento se o controle inimigo ainda não foi gasto.
rumble|Sobrecalentarte antes de lanzar el control que necesitas te impide completar la secuencia.|Superaquecer antes de lançar o controle necessário impede completar a sequência.|Barra de calor revisada antes de cada rotación; coloca H4 sobre la ruta de salida, no detrás del rival.|Barra de calor conferida antes de cada rotação; coloque H4 na rota de saída, não atrás do inimigo.
ryze|Usar H2 sin preparar el efecto de H3 puede perder el control que necesitas para completar tu rotación.|Usar H2 sem preparar o efeito de H3 pode perder o controle necessário para completar a rotação.|H3 prepara el objetivo antes del control; coordina el destino de H4 con los aliados antes de abrir el portal.|H3 prepara o alvo antes do controle; combine o destino de H4 com os aliados antes de abrir o portal.
samira|Canalizar H4 con una interrupción rival disponible impide convertir tu rango S en daño sostenido.|Canalizar H4 com uma interrupção inimiga disponível impede converter seu grau S em dano sustentado.|Alterna ataques y habilidades para estilo; H2 protege el proyectil decisivo antes de comprometer H4.|Alterne ataques e habilidades para estilo; H2 protege do projétil decisivo antes de comprometer H4.
senna|Acercarte a recoger un alma bajo amenaza puede costar la oleada y varias almas posteriores.|Aproximar para pegar uma alma sob ameaça pode custar a onda e várias almas seguintes.|Alma segura antes que alma disputada; usa alcance y ralentización para reunir almas sin cruzar la línea de protección.|Alma segura antes de alma disputada; use alcance e lentidão para reunir almas sem cruzar a linha de proteção.
seraphine|Gastar el eco en una habilidad menor elimina la versión doble que necesita tu siguiente entrada o protección.|Gastar o eco em uma habilidade menor elimina a versão dupla necessária na próxima entrada ou proteção.|Prepara el eco por la próxima jugada; alinea H4 con aliados para extender su trayecto hacia la retaguardia rival.|Prepare o eco pela próxima jogada; alinhe H4 com aliados para estender seu trajeto até a retaguarda inimiga.
sett|Lanzar H2 antes de acumular Agallas convierte tu herramienta de respuesta en una amenaza menor.|Lançar H2 antes de acumular Determinação transforma sua ferramenta de resposta em uma ameaça menor.|H3 reúne o inmoviliza antes de centrar H2; no entregues la barra de Agallas disparando al primer daño recibido.|H3 reúne ou imobiliza antes de centralizar H2; não desperdice Determinação disparando no primeiro dano recebido.
shen|Salir con H4 sin resolver la oleada puede salvar al aliado mientras entregas tu torre sin necesidad.|Sair com H4 sem resolver a onda pode salvar o aliado enquanto entrega sua torre sem necessidade.|Comprueba oleada y destino antes de H4; H2 niega los ataques sobre el aliado que pueda permanecer en su zona.|Confira onda e destino antes de H4; H2 nega ataques sobre o aliado que puder permanecer na zona.
shyvana|Llegar a la disputa sin furia suficiente elimina la forma que permite sostener tu entrada.|Chegar à disputa sem fúria suficiente elimina a forma que permite sustentar sua entrada.|Furia disponible antes de comprometer el objetivo; el punto de aterrizaje de H4 debe permitir que tu equipo siga.|Fúria disponível antes de comprometer o objetivo; o ponto de chegada de H4 deve permitir acompanhamento da equipe.
singed|Hacer proxy sin localizar al jungla puede encerrar tu retirada entre dos rivales y perder la siguiente oleada.|Fazer proxy sem localizar o caçador pode prender sua retirada entre dois inimigos e perder a próxima onda.|Ruta de salida antes de cruzar la torre; usa H2 para negar la persecución y H3 para devolver rivales al veneno.|Rota de saída antes de cruzar a torre; use H2 para negar a perseguição e H3 para devolver inimigos ao veneno.
sion|Cargar H1 a plena vista permite que el rival abandone la zona o te interrumpa antes del impacto.|Carregar H1 à vista permite ao inimigo sair da zona ou interromper antes do impacto.|Controla la entrada con H1 desde niebla; define el corredor y punto de llegada antes de comprometer H4.|Controle a entrada com H1 da névoa; defina o corredor e ponto de chegada antes de comprometer H4.
sivir|Gastar H3 por maná deja el siguiente gancho o control sin la respuesta que protege tu posición.|Gastar H3 por mana deixa o próximo gancho ou controle sem a resposta que protege sua posição.|Escudo reservado para el control decisivo; H4 inicia o retira al grupo, no justifica avanzar sin protección.|Escudo reservado para o controle decisivo; H4 inicia ou retira o grupo, não justifica avançar sem proteção.
skarner|Entrar atravesando un muro sin planear la dirección del arrastre puede separar al objetivo del daño aliado.|Entrar atravessando uma parede sem planejar a direção do arrasto pode separar o alvo do dano aliado.|Salida de H3 y dirección de H4 definidas antes de iniciar; arrastra hacia cobertura o daño aliado.|Saída de H3 e direção de H4 definidas antes de iniciar; arraste para cobertura ou dano aliado.
smolder|Disputar una pelea larga sin mirar las cargas de la pasiva atribuye a H1 un daño que todavía no tiene.|Disputar uma luta longa sem olhar os acúmulos da passiva atribui a H1 um dano que ainda não tem.|Decide por el efecto desbloqueado de H1; conserva H3 para mantener el rango cuando el rival se acerque.|Decida pelo efeito desbloqueado de H1; preserve H3 para manter o alcance quando o inimigo aproximar.
sona|Usar el acorde equivocado antes de una entrada rival puede gastar una reducción de daño en un simple ataque.|Usar o acorde errado antes de uma entrada inimiga pode gastar uma redução de dano em um ataque simples.|Prepara el acorde por la amenaza: daño, reducción o ralentización; guarda H4 para cortar la entrada o canalización.|Prepare o acorde pela ameaça: dano, redução ou lentidão; guarde H4 para cortar a entrada ou canalização.
soraka|Curar repetidamente sin acertar H1 agota la vida que necesitas para continuar protegiendo al aliado.|Curar repetidamente sem acertar H1 esgota a vida necessária para continuar protegendo o aliado.|H1 conecta antes de sostener curaciones; H3 debe cortar la entrada que intenta alcanzarte, no solo al tirador.|H1 acerta antes de sustentar curas; H3 deve cortar a entrada que tenta alcançar você, não apenas o atirador.
swain|Perseguir fuera del alcance de drenaje deja caer la pelea prolongada que hacía útil tu definitiva.|Perseguir fora do alcance de drenagem abandona a luta prolongada que tornava sua ultimate útil.|Controla la salida rival para mantener el drenaje; retírate si ya no puedes permanecer en rango de campeones.|Controle a saída inimiga para manter a drenagem; recue se não consegue permanecer ao alcance de campeões.
syndra|Gastar H3 para limpiar deja tus esferas sin la herramienta que detiene al asesino y asegura H4.|Gastar H3 para limpar deixa suas esferas sem a ferramenta que detém o assassino e garante H4.|Esfera colocada antes del empuje; conserva H3 hasta forzar la movilidad rival o necesitar cortar su entrada.|Esfera colocada antes do empurrão; preserve H3 até forçar a mobilidade inimiga ou precisar cortar a entrada.
taliyah|Lanzar el desplazamiento sin preparar H3 pierde la zona que castiga el movimiento del rival.|Lançar o deslocamento sem preparar H3 perde a zona que pune o movimento inimigo.|Tierra preparada antes del desplazamiento; H4 corta una retirada confirmada y exige revisar el destino antes de viajar.|Terreno preparado antes do deslocamento; H4 corta uma retirada confirmada e exige conferir o destino antes de viajar.
talon|Cruzar un muro sin revisar su disponibilidad de regreso te puede encerrar tras una entrada fallida.|Cruzar uma parede sem conferir sua disponibilidade de retorno pode prender você após uma entrada falha.|Ruta de muros preparada antes de entrar; completa la pasiva con el ataque antes de comprometer la persecución.|Rota de paredes preparada antes de entrar; complete a passiva com o ataque antes de comprometer a perseguição.
teemo|Gastar H1 en un súbdito deja el ataque decisivo rival sin ceguera durante tu intercambio.|Gastar H1 em uma tropa deixa o ataque decisivo inimigo sem cegueira durante a troca.|Ceguera para el ataque del campeón; hongos en rutas de aproximación y retirada, no solo en el centro del objetivo.|Cegueira para o ataque do campeão; cogumelos em rotas de aproximação e retirada, não apenas no centro do objetivo.
thresh|Avanzar tras el gancho sin un aliado en rango elimina el seguimiento y la utilidad de tu linterna.|Avançar após o gancho sem um aliado ao alcance elimina o acompanhamento e a utilidade da lanterna.|No reactives H1 automáticamente; coloca H2 en una ruta accesible antes de iniciar o rescatar.|Não reative H1 automaticamente; coloque H2 em uma rota acessível antes de iniciar ou resgatar.
tristana|Saltar con H2 sin poder completar la bomba te deja sin el reinicio que debía permitir la salida.|Saltar com H2 sem conseguir completar a bomba deixa você sem a restauração que permitiria a saída.|Bomba completada o derribo verificable antes de entrar; conserva H4 para separar la respuesta rival.|Bomba completada ou eliminação verificável antes de entrar; preserve H4 para separar a resposta inimiga.
tryndamere|Girar para acercarte sin furia preparada impide ganar el duelo antes de necesitar H4.|Girar para aproximar sem fúria preparada impede vencer o duelo antes de precisar de H4.|Furia preparada antes de pelear; define el muro de salida y no gastes H3 si la ejecución no está asegurada.|Fúria preparada antes de lutar; defina a parede de saída e não gaste H3 se a execução não estiver garantida.
twisted_fate|Activar H4 sin carta preparada anuncia tu llegada sin el control que asegura el seguimiento.|Ativar H4 sem carta preparada anuncia sua chegada sem o controle que garante acompanhamento.|Carta elegida antes de aterrizar; el destino debe cortar una retirada y tener apoyo aliado, no solo visión del rival.|Carta escolhida antes de aterrissar; o destino deve cortar uma retirada e ter apoio aliado, não apenas visão inimiga.
twitch|Salir del sigilo demasiado cerca te obliga a disparar desde el alcance del control rival.|Sair da invisibilidade perto demais obriga você a disparar no alcance do controle inimigo.|Posición lateral antes de revelar H1; H4 busca una línea de varios objetivos sin abandonar tu cobertura.|Posição lateral antes de revelar H1; H4 busca uma linha de vários alvos sem abandonar sua cobertura.
urgot|Permanecer en el mismo lado del objetivo desperdicia las piernas aún disponibles para disparar.|Permanecer no mesmo lado do alvo desperdiça as pernas ainda disponíveis para disparar.|Rota alrededor del objetivo sin cruzar su salida; usa H4 cuando el indicador permita ejecutar, no por abrir la pelea.|Gire ao redor do alvo sem cruzar sua saída; use H4 quando o indicador permitir executar, não para abrir a luta.
varus|Disparar H1 sin marcas consume la ventana que habría detonado tu daño de Infección.|Disparar H1 sem marcas consome a janela que detonaria seu dano de Infecção.|Ataques para preparar Infección antes de detonar; H4 se reserva para asegurar la secuencia o detener la entrada.|Ataques para preparar Infecção antes de detonar; H4 fica para garantir a sequência ou deter a entrada.
vayne|Rodar hacia el rival sin una pared utilizable te deja a su alcance sin el control que abre tu siguiente ataque.|Rolar para o inimigo sem uma parede utilizável deixa você ao alcance dele sem o controle para seu próximo ataque.|Dirección de H1 elegida por la pared y la salida; completa las marcas sobre un mismo objetivo sin perder cobertura.|Direção de H1 escolhida pela parede e saída; complete as marcas no mesmo alvo sem perder cobertura.
veigar|Colocar la jaula solo por alcance puede dejar un pasillo limpio para que el rival alcance tu posición.|Colocar a jaula apenas pelo alcance pode deixar uma passagem livre para o inimigo alcançar você.|Borde de H3 sobre la ruta rival; H4 después del daño preparatorio, no antes de conocer la vida restante.|Borda de H3 sobre a rota inimiga; H4 depois do dano preparatório, não antes de conhecer a vida restante.
vel_koz|Canalizar H4 sin contar las marcas de la pasiva pierde daño y te expone al control disponible.|Canalizar H4 sem contar as marcas da passiva perde dano e expõe você ao controle disponível.|Prepara la pasiva y un ángulo protegido antes de H4; usa el derribo para negar al rival que pueda interrumpirte.|Prepare a passiva e um ângulo protegido antes de H4; use a derrubada para negar o inimigo que possa interromper.
vex|Gastar el miedo en la oleada deja el siguiente salto enemigo sin interrupción.|Gastar o medo na onda deixa o próximo salto inimigo sem interrupção.|Miedo preparado antes de desafiar movilidad; reactiva H4 solo si el punto de llegada permite daño y retirada.|Medo preparado antes de enfrentar mobilidade; reative H4 apenas se a chegada permitir dano e retirada.
vi|Lanzar H4 sobre un objetivo fuera del seguimiento aliado te deja sola al terminar la animación.|Lançar H4 em um alvo fora do acompanhamento aliado deixa você sozinha ao terminar a animação.|Objetivo y posición aliada antes de H4; conserva H1 si necesitas seguir la salida después de fijarlo.|Alvo e posição aliada antes de H4; preserve H1 se precisar seguir a fuga depois de fixar o alvo.
viego|Tomar una posesión por disponibilidad puede alejarte del objetivo y perder el siguiente reinicio.|Assumir uma possessão apenas pela disponibilidade pode afastar você do alvo e perder a próxima restauração.|Posee por curación, herramientas y posición; revisa las habilidades prestadas antes de abandonar la forma con H4.|Possua pela cura, ferramentas e posição; confira as habilidades emprestadas antes de abandonar a forma com H4.
viktor|Gastar el control antes de la entrada rival puede dejar tu posición inmóvil sin protección durante el rayo.|Gastar o controle antes da entrada inimiga pode deixar sua posição imóvel sem proteção durante o raio.|Rayo desde alcance seguro y zona de control sobre la entrada; H4 interrumpe cuando el rival realmente canaliza.|Raio de alcance seguro e zona de controle na entrada; H4 interrompe quando o inimigo realmente canaliza.
vladimir|Gastar H2 para acercarte consume vida y elimina la herramienta que debía evitar el daño de respuesta.|Gastar H2 para aproximar consome vida e elimina a ferramenta que evitaria o dano de resposta.|Transfusión potenciada preparada antes de avanzar; H2 para el daño decisivo después de aplicar tu presión.|Transfusão reforçada preparada antes de avançar; H2 para o dano decisivo depois de aplicar pressão.
volibear|Inhabilitar la torre con H4 sin que llegue la oleada deja una zambullida sin continuación segura.|Desativar a torre com H4 sem a onda chegar deixa um mergulho sem continuação segura.|Oleada y aliados llegan antes del salto; mantén la marca sobre el mismo objetivo para aprovechar la respuesta de H2.|Onda e aliados chegam antes do salto; mantenha a marca no mesmo alvo para aproveitar a resposta de H2.
warwick|Seguir un rastro de vida baja sin revisar el flanco puede convertir tu persecución en una entrada contra varios rivales.|Seguir um rastro de vida baixa sem conferir o flanco pode transformar sua perseguição em entrada contra vários inimigos.|Rastro con ruta segura antes de perseguir; H4 debe tener línea al objetivo y cobertura al terminar la supresión.|Rastro com rota segura antes de perseguir; H4 deve ter linha ao alvo e cobertura ao término da supressão.
wukong|Gastar H2 para avanzar sin una segunda ruta de salida deja tu doble Ciclón expuesto al daño concentrado.|Gastar H2 para avançar sem segunda rota de saída deixa seu duplo Ciclone exposto ao dano concentrado.|Clon colocado donde pueda acompañar el control; conserva una salida tras el primer levantamiento antes de repetir H4.|Clone colocado onde possa acompanhar o controle; preserve uma saída após a primeira derrubada antes de repetir H4.
xayah|Recuperar plumas sin revisar su alineación puede gastar H3 sin inmovilizar al perseguidor.|Recolher penas sem conferir o alinhamento pode gastar H3 sem imobilizar o perseguidor.|Cuenta y alinea las plumas antes de H3; H4 evita el daño decisivo y prepara una nueva línea de retorno.|Conte e alinhe as penas antes de H3; H4 evita o dano decisivo e prepara uma nova linha de retorno.
xin_zhao|Usar H4 antes de separar al objetivo desafiado puede desperdiciar la zona que niega el daño exterior.|Usar H4 antes de separar o alvo desafiado pode desperdiçar a zona que nega o dano externo.|Define el objetivo desafiado antes de H4; pelea desde el borde que deja fuera al daño de retaguardia rival.|Defina o alvo desafiado antes de H4; lute da borda que deixa o dano da retaguarda inimiga fora.
yasuo|Avanzar por todos los súbditos con H3 puede eliminar la ruta que necesitas para volver tras el intercambio.|Avançar por todas as tropas com H3 pode eliminar a rota necessária para voltar depois da troca.|Conserva súbditos de salida y el Muro de Viento para el proyectil clave; H4 requiere seguimiento tras el derribo.|Preserve tropas de saída e a Parede de Vento para o projétil decisivo; H4 exige acompanhamento após a derrubada.
yone|Entrar con H3 desde un cuerpo expuesto permite al rival esperar tu regreso y negar la salida.|Entrar com H3 de um corpo exposto permite ao inimigo esperar seu retorno e negar a saída.|Cuerpo inicial en cobertura antes de H3; H4 se compromete si el regreso no queda ocupado por el rival.|Corpo inicial em cobertura antes de H3; H4 se compromete se o retorno não estiver ocupado pelo inimigo.
yunara|Gastar la ráfaga potenciada fuera del alcance útil te deja sin presión durante el acercamiento rival.|Gastar a rajada reforçada fora do alcance útil deixa você sem pressão durante a aproximação inimiga.|Activa la ráfaga cuando puedas mantener ataques desde cobertura; no persigas fuera del apoyo al terminar su ventana.|Ative a rajada quando puder manter ataques da cobertura; não persiga fora do apoio ao terminar sua janela.
yuumi|Permanecer unida a un aliado que ya está aislado puede perder a ambos aunque tengas curación disponible.|Permanecer ligada a um aliado já isolado pode perder ambos mesmo com cura disponível.|Elige anfitrión por posición y daño sostenido; cambia antes de quedar sin un aliado al alcance de H2.|Escolha hospedeiro pela posição e dano sustentado; troque antes de ficar sem aliado ao alcance de H2.
zed|Colocar todas las sombras hacia el objetivo elimina el punto seguro al que volver después de H4.|Colocar todas as sombras para o alvo elimina o ponto seguro para voltar depois de H4.|Sombra lateral para doble H1 y regreso seguro; no persigas otra eliminación si pierdes acceso a esa salida.|Sombra lateral para dupla H1 e retorno seguro; não persiga outra eliminação se perder acesso à saída.
zeri|Usar H3 para acercarte sobre terreno plano puede perder el cruce de muro que aseguraría tu retirada.|Usar H3 para aproximar no terreno plano pode perder a travessia de parede que garantiria sua retirada.|Muro de salida localizado antes de H4; mantén impactos desde cobertura en vez de prolongar la persecución sin aliados.|Parede de saída localizada antes de H4; mantenha acertos da cobertura em vez de prolongar a perseguição sem aliados.
ziggs|Gastar H2 para daño menor deja tu siguiente avance sin desplazamiento defensivo ni ejecución de torre.|Gastar H2 para dano menor deixa seu próximo avanço sem deslocamento defensivo nem execução de torre.|Conserva H2 para cortar la entrada o ejecutar la torre según su indicador; H4 acompaña una pelea ya localizada.|Preserve H2 para cortar a entrada ou executar a torre pelo indicador; H4 acompanha uma luta já localizada.
zilean|Aplicar H4 demasiado pronto permite al rival detener el daño y esperar a que termine la protección.|Aplicar H4 cedo demais permite ao inimigo parar o dano e esperar a proteção terminar.|Doble bomba sobre un objetivo ralentizado; H4 cubre el daño letal observado en quien pueda continuar la pelea.|Bomba dupla em um alvo lento; H4 cobre o dano letal observado em quem possa continuar a luta.
zoe|Usar H4 como escape olvida que volverás al punto inicial y permite al rival preparar tu regreso.|Usar H4 como fuga ignora o retorno ao ponto inicial e permite ao inimigo preparar sua volta.|Punto inicial protegido antes de H4; burbuja desde muro para forzar el blanco antes del recorrido largo de H1.|Ponto inicial protegido antes de H4; bolha pela parede para forçar o alvo antes do trajeto longo de H1.
zyra|Lanzar el control sin semillas colocadas pierde las plantas que mantienen al rival en tu zona de daño.|Lançar o controle sem sementes colocadas perde as plantas que mantêm o inimigo na zona de dano.|Semillas antes de la habilidad que las activa; H4 asegura permanencia en la zona después del control, no sustituye la preparación.|Sementes antes da habilidade que ativa; H4 garante permanência na zona após o controle, não substitui a preparação.
